<?xml version="1.0" encoding="UTF-8"?>
<GenRun Id="synth_1" LaunchPart="xc7a100tcsg324-1" LaunchTime="1658998114">
  <File Type="PA-TCL" Name="GPIO_demo.tcl"/>
  <File Type="REPORTS-TCL" Name="GPIO_demo_reports.tcl"/>
  <File Type="RDS-RDS" Name="GPIO_demo.vds"/>
  <File Type="RDS-UTIL" Name="GPIO_demo_utilization_synth.rpt"/>
  <File Type="RDS-UTIL-PB" Name="GPIO_demo_utilization_synth.pb"/>
  <File Type="RDS-DCP" Name="GPIO_demo.dcp"/>
  <FileSet Name="sources" Type="DesignSrcs" RelSrcDir="$PSRCDIR/sources_1" RelGenDir="$PGENDIR/sources_1">
    <Filter Type="Srcs"/>
    <File Path="$PSRCDIR/sources_1/imports/hdl/RGB_controller.vhd">
      <FileInfo>
        <Attr Name="ImportPath" Val="D:/WorkBORI/gpio/Nexys-A7/hw/src/hdl/RGB_controller.vhd"/>
        <Attr Name="ImportTime" Val="1658995627"/>
        <Attr Name="UsedIn" Val="synthesis"/>
        <Attr Name="UsedIn" Val="simulation"/>
      </FileInfo>
    </File>
    <File Path="$PSRCDIR/sources_1/imports/hdl/UART_TX_CTRL.vhd">
      <FileInfo>
        <Attr Name="ImportPath" Val="D:/WorkBORI/gpio/Nexys-A7/hw/src/hdl/UART_TX_CTRL.vhd"/>
        <Attr Name="ImportTime" Val="1658995627"/>
        <Attr Name="UsedIn" Val="synthesis"/>
        <Attr Name="UsedIn" Val="simulation"/>
      </FileInfo>
    </File>
    <File Path="$PSRCDIR/sources_1/imports/hdl/debouncer.vhd">
      <FileInfo>
        <Attr Name="ImportPath" Val="D:/WorkBORI/gpio/Nexys-A7/hw/src/hdl/debouncer.vhd"/>
        <Attr Name="ImportTime" Val="1658995627"/>
        <Attr Name="UsedIn" Val="synthesis"/>
        <Attr Name="UsedIn" Val="simulation"/>
      </FileInfo>
    </File>
    <File Path="$PSRCDIR/sources_1/imports/hdl/top.vhd">
      <FileInfo>
        <Attr Name="ImportPath" Val="D:/WorkBORI/gpio/Nexys-A7/hw/src/hdl/top.vhd"/>
        <Attr Name="ImportTime" Val="1658995627"/>
        <Attr Name="UsedIn" Val="synthesis"/>
        <Attr Name="UsedIn" Val="simulation"/>
      </FileInfo>
    </File>
    <Config>
      <Option Name="DesignMode" Val="RTL"/>
      <Option Name="TopModule" Val="GPIO_demo"/>
      <Option Name="TopAutoSet" Val="TRUE"/>
    </Config>
  </FileSet>
  <FileSet Name="constrs_in" Type="Constrs" RelSrcDir="$PSRCDIR/constrs_1">
    <Filter Type="Constrs"/>
    <File Path="$PSRCDIR/constrs_1/imports/constraints/Nexys-A7-100T-Master.xdc">
      <FileInfo>
        <Attr Name="ImportPath" Val="D:/WorkBORI/gpio/Nexys-A7/hw/src/constraints/Nexys-A7-100T-Master.xdc"/>
        <Attr Name="ImportTime" Val="1658995627"/>
        <Attr Name="UsedIn" Val="synthesis"/>
        <Attr Name="UsedIn" Val="implementation"/>
      </FileInfo>
    </File>
    <Config>
      <Option Name="ConstrsType" Val="XDC"/>
    </Config>
  </FileSet>
  <FileSet Name="utils" Type="Utils" RelSrcDir="$PSRCDIR/utils_1">
    <Filter Type="Utils"/>
    <Config>
      <Option Name="TopAutoSet" Val="TRUE"/>
    </Config>
  </FileSet>
  <Strategy Version="1" Minor="2">
    <StratHandle Name="Vivado Synthesis Defaults" Flow="Vivado Synthesis 2022"/>
    <Step Id="synth_design"/>
  </Strategy>
</GenRun>
